google.com,0,successful,74.125.71.147,74.125.71.103,74.125.71.99,74.125.71.105,74.125.71.106,74.125.71.104
facebook.com,0,successful,66.220.149.11,69.171.224.11,69.171.229.11
youtube.com,0,successful,74.125.71.190,74.125.71.93,74.125.71.91,74.125.71.136
yahoo.com,0,successful,209.191.122.70,72.30.2.43,98.137.149.56,98.139.180.149
baidu.com,0,successful,220.181.111.85,220.181.111.86,123.125.114.144
wikipedia.org,0,successful,208.80.152.201
live.com,0,successful,65.55.206.154
blogspot.com,0,successful,74.125.71.191
amazon.com,0,successful,72.21.211.176,72.21.194.1,72.21.214.128
twitter.com,0,successful,199.59.148.10,199.59.149.230,199.59.149.198
qq.com,0,successful,125.39.127.22,220.181.138.59
taobao.com,0,successful,121.14.24.241,115.238.23.241
msn.com,0,successful,65.55.206.203
linkedin.com,0,successful,216.52.242.86
google.co.in,0,successful,74.125.71.104,74.125.71.99,74.125.71.106,74.125.71.147,74.125.71.105,74.125.71.103
yahoo.co.jp,0,successful,203.216.243.240,124.83.187.140
sina.com.cn,0,successful,202.108.33.60
ebay.com,0,successful,66.211.160.88,66.135.205.13,66.135.205.14,66.211.160.87
wordpress.com,0,successful,74.200.247.188,72.233.104.124,76.74.254.126
google.de,0,successful,74.125.71.147,74.125.71.106,74.125.71.104,74.125.71.99,74.125.71.103,74.125.71.105
google.com.hk,0,successful,74.125.71.147,74.125.71.103,74.125.71.106,74.125.71.99,74.125.71.104,74.125.71.105
yandex.ru,0,successful,77.88.21.11,87.250.250.11,87.250.251.11,93.158.134.11,213.180.193.11,213.180.204.11
google.co.uk,0,successful,74.125.71.104,74.125.71.106,74.125.71.147,74.125.71.103,74.125.71.99,74.125.71.105
google.co.jp,0,successful,74.125.71.147,74.125.71.106,74.125.71.104,74.125.71.99,74.125.71.103,74.125.71.105
google.fr,0,successful,74.125.71.105,74.125.71.106,74.125.71.99,74.125.71.147,74.125.71.103,74.125.71.104
bing.com,0,successful,65.55.175.254
apple.com,0,successful,17.149.160.49,17.172.224.47
weibo.com,0,successful,180.149.134.17
t.co,0,successful,199.59.148.12
microsoft.com,0,successful,207.46.232.182,207.46.197.32
paypal.com,0,successful,173.0.84.3,173.0.84.35,173.0.88.3,173.0.88.35,66.211.169.3,66.211.169.66
163.com,0,successful,220.181.8.191,220.181.29.42,220.181.29.153,220.181.29.160,220.181.8.90,220.181.8.178
mail.ru,0,successful,94.100.191.203,94.100.191.204,94.100.191.201,94.100.191.202
google.com.br,0,successful,74.125.71.104,74.125.71.106,74.125.71.103,74.125.71.147,74.125.71.99,74.125.71.105
soso.com,0,successful,119.147.15.96
google.it,0,successful,74.125.71.105,74.125.71.103,74.125.71.99,74.125.71.147,74.125.71.104,74.125.71.106
imdb.com,0,successful,207.171.166.22,72.21.206.80,72.21.210.29
tumblr.com,0,successful,174.121.194.34
google.es,0,successful,74.125.71.99,74.125.71.106,74.125.71.104,74.125.71.103,74.125.71.105,74.125.71.147
go.com,0,successful,198.105.193.70
livejasmin.com,0,successful,109.71.160.200
google.ru,0,successful,74.125.71.105,74.125.71.103,74.125.71.99,74.125.71.147,74.125.71.104,74.125.71.106
fc2.com,0,successful,208.71.106.124
bbc.co.uk,0,successful,212.58.241.131
flickr.com,0,successful,68.142.214.24
sohu.com,0,successful,61.135.181.175,61.135.181.176
vkontakte.ru,0,successful,87.240.143.243,87.240.143.244,87.240.188.249,87.240.188.250,93.186.224.240,93.186.224.243,87.240.131.97,87.240.131.98,87.240.131.99,87.240.131.100,87.240.143.241,87.240.143.242
craigslist.org,0,successful,208.82.238.129
googleusercontent.com,4,type not found
tudou.com,0,successful,113.31.34.206
blogger.com,0,successful,74.125.71.191
ask.com,0,successful,66.235.120.127
youku.com,0,successful,211.151.146.19,220.181.52.21,61.135.196.21,121.9.204.234,125.39.185.5,202.102.81.234
xvideos.com,0,successful,69.55.61.167,69.55.61.177,69.55.61.178,69.55.61.180,69.55.63.31,69.55.48.246,69.55.52.7,69.55.52.86,69.55.52.105,69.55.52.200,69.55.59.132,69.55.59.148
tmall.com,0,successful,121.14.24.241,115.238.23.241
babylon.com,0,successful,81.93.185.144
google.com.mx,0,successful,74.125.71.147,74.125.71.106,74.125.71.99,74.125.71.105,74.125.71.104,74.125.71.103
xhamster.com,0,successful,88.208.24.47,88.208.24.45,88.208.24.43,88.208.24.44,88.208.24.53
ifeng.com,0,successful,123.125.72.60
google.ca,0,successful,74.125.71.103,74.125.71.147,74.125.71.99,74.125.71.104,74.125.71.105,74.125.71.106
espn.go.com,0,successful,68.71.216.176
cnn.com,0,successful,157.166.226.25,157.166.226.26,157.166.255.18,157.166.255.19
zedo.com,0,successful,64.41.197.46
aol.com,0,successful,205.188.100.58,205.188.101.58,207.200.74.38,64.12.79.57,64.12.89.186
adobe.com,0,successful,192.150.16.117
amazon.de,0,successful,178.236.5.38,178.236.4.28,178.236.6.38
ebay.de,0,successful,66.135.200.23,66.135.215.61
about.com,0,successful,207.241.148.80
conduit.com,0,successful,208.93.141.95
rakuten.co.jp,0,successful,202.72.51.22
google.co.id,0,successful,74.125.71.105,74.125.71.99,74.125.71.104,74.125.71.147,74.125.71.106,74.125.71.103
mediafire.com,0,successful,205.196.120.13,205.196.120.12
alibaba.com,0,successful,205.204.112.1
ameblo.jp,0,successful,180.233.142.129
alipay.com,0,successful,121.0.26.11
megaupload.com,0,successful,174.140.154.22,174.140.154.23,174.140.154.24,174.140.154.20,174.140.154.21
pornhub.com,0,successful,146.82.204.35,146.82.204.113,146.82.200.125,146.82.202.154,146.82.202.169,146.82.202.170,146.82.202.179,146.82.202.180,146.82.203.228,146.82.203.230,146.82.203.242,146.82.204.17
amazon.co.uk,0,successful,178.236.5.39,178.236.6.39,178.236.4.29
odnoklassniki.ru,0,successful,217.20.154.59
thepiratebay.org,0,successful,194.71.107.15
google.com.tr,0,successful,74.125.71.105,74.125.71.99,74.125.71.147,74.125.71.104,74.125.71.103,74.125.71.106
walmart.com,0,successful,161.170.244.20
cnet.com,0,successful,216.239.113.101,64.30.224.118
uol.com.br,0,successful,200.147.67.142,200.221.2.45
ebay.co.uk,0,successful,66.135.200.23,66.135.215.61
google.com.au,0,successful,74.125.71.99,74.125.71.106,74.125.71.103,74.125.71.147,74.125.71.105,74.125.71.104
godaddy.com,0,successful,97.74.104.201
imgur.com,0,successful,173.231.140.219,173.231.140.218
huffingtonpost.com,0,successful,207.200.74.38,64.12.79.57,64.12.89.186,205.188.100.58,205.188.101.58
wordpress.org,0,successful,72.233.56.139,72.233.56.138
4shared.com,0,successful,74.117.178.83
360buy.com,0,successful,58.83.238.167
google.pl,0,successful,74.125.71.99,74.125.71.106,74.125.71.103,74.125.71.104,74.125.71.147,74.125.71.105
bp.blogspot.com,4,type not found
livedoor.com,0,successful,125.6.172.15
youporn.com,0,successful,173.192.24.114,173.192.24.115,173.192.24.116,173.192.24.119,173.192.24.120,173.192.24.121,173.192.60.242,173.192.60.245
chinaz.com,0,successful,125.90.88.68
nytimes.com,0,successful,199.239.136.200
amazon.co.jp,0,successful,207.171.185.225,207.171.187.20,207.171.181.135
renren.com,0,successful,220.181.181.223,220.181.181.224,220.181.181.222
netflix.com,0,successful,69.53.236.17
livejournal.com,0,successful,209.200.154.225
dailymotion.com,0,successful,188.65.120.136,188.65.120.135
hao123.com,0,successful,180.149.132.19,123.125.114.224,123.125.115.150,180.149.131.31
bestbuy.com,0,successful,62.41.10.64,62.41.10.74
globo.com,0,successful,201.7.176.59
stackoverflow.com,0,successful,64.34.119.12
google.com.sa,0,successful,74.125.71.99,74.125.71.106,74.125.71.103,74.125.71.147,74.125.71.105,74.125.71.104
cnzz.com,0,successful,110.75.187.95,110.75.187.96
douban.com,0,successful,211.147.4.31
google.nl,0,successful,74.125.71.105,74.125.71.106,74.125.71.99,74.125.71.147,74.125.71.103,74.125.71.104
vimeo.com,0,successful,74.113.233.128
sparkstudios.com,0,successful,208.70.73.143
megaclick.com,0,successful,209.222.148.14
badoo.com,0,successful,66.175.123.30,66.175.123.32
sogou.com,0,successful,61.135.188.225
secureserver.net,0,successful,97.74.104.208
dailymail.co.uk,0,successful,195.234.240.212
addthis.com,0,successful,64.215.254.101
google.com.ar,0,successful,74.125.71.104,74.125.71.106,74.125.71.147,74.125.71.103,74.125.71.99,74.125.71.105
reddit.com,0,successful,62.41.10.33,62.41.10.74
tube8.com,0,successful,31.192.112.104
xnxx.com,0,successful,69.55.53.105,69.55.53.6,69.55.53.96
bankofamerica.com,0,successful,171.159.228.150,171.161.148.150,171.159.100.150
stumbleupon.com,0,successful,74.201.117.247
target.com,0,successful,161.225.130.163
redtube.com,0,successful,209.222.138.10
weather.com,0,successful,96.8.84.132,96.8.83.132,96.8.85.132,96.8.81.132,96.8.82.132,96.8.80.132
doubleclick.com,0,successful,216.73.93.8
goo.ne.jp,0,successful,210.165.9.195
pengyou.com,0,successful,112.64.234.211,112.64.234.209,112.64.234.210
filestube.com,0,successful,149.13.65.51,149.13.65.49,149.13.65.47,149.13.65.48,149.13.65.50,149.13.65.52
indiatimes.com,0,successful,223.165.25.31
google.com.pk,0,successful,74.125.71.99,74.125.71.106,74.125.71.103,74.125.71.147,74.125.71.105,74.125.71.104
deviantart.com,0,successful,199.15.160.100
google.cn,0,successful,203.208.46.180,203.208.46.179,203.208.46.177,203.208.46.176,203.208.46.178
chase.com,0,successful,159.53.64.115,159.53.60.115
naver.com,0,successful,202.131.29.71,222.122.195.5,222.122.195.6,202.131.29.70
adf.ly,0,successful,69.39.236.36
tianya.cn,0,successful,124.225.65.203
fileserve.com,0,successful,209.222.23.221
aweber.com,0,successful,207.106.239.74
wikimedia.org,0,successful,208.80.152.200
etsy.com,0,successful,38.106.64.20
google.co.th,0,successful,74.125.71.103,74.125.71.147,74.125.71.99,74.125.71.104,74.125.71.105,74.125.71.106
amazonaws.com,4,type not found
torrentz.eu,0,successful,68.71.55.21,68.71.55.22,184.75.210.37,184.75.210.38
mywebsearch.com,0,successful,66.235.119.48
imageshack.us,0,successful,208.94.0.21,208.94.0.61
avg.com,0,successful,93.184.211.28,208.111.182.218,93.184.217.9
warriorforum.com,0,successful,174.37.60.234
google.com.eg,0,successful,74.125.71.104,74.125.71.103,74.125.71.99,74.125.71.147,74.125.71.105,74.125.71.106
ehow.com,0,successful,98.124.247.46
ups.com,0,successful,153.2.228.50,153.2.224.50
photobucket.com,0,successful,209.17.68.100,209.17.88.100
optmd.com,0,successful,216.220.63.250
pconline.com.cn,0,successful,219.136.245.40
fbcdn.net,0,successful,69.171.229.11,69.171.242.11,66.220.149.11,66.220.158.11,69.171.224.11
myspace.com,0,successful,63.135.80.224,216.178.46.224
spiegel.de,0,successful,195.71.11.67
google.co.za,0,successful,74.125.71.104,74.125.71.106,74.125.71.147,74.125.71.103,74.125.71.99,74.125.71.105
pinterest.com,0,successful,107.20.237.30,184.73.231.199
nicovideo.jp,0,successful,202.248.110.243
rediff.com,0,successful,63.150.131.34,63.150.131.27
sourceforge.net,0,successful,216.34.181.60
filesonic.com,0,successful,78.140.189.85,78.140.190.111,78.140.163.15,78.140.176.182,78.140.189.84
foxnews.com,0,successful,67.148.47.9,67.148.47.34
searchqu.com,0,successful,207.232.22.60
taringa.net,0,successful,200.43.192.27,200.43.192.28,200.43.192.29,200.43.192.34
ganji.com,0,successful,58.83.177.133
wellsfargo.com,0,successful,151.151.88.144,159.45.2.67
wikia.com,0,successful,38.99.68.180
orkut.com,0,successful,74.125.71.87,74.125.71.86,74.125.71.85
reference.com,0,successful,66.235.120.98
download.com,0,successful,216.239.113.101,64.30.224.118
search-results.com,0,successful,66.235.120.101
58.com,0,successful,211.151.74.40
comcast.net,0,successful,76.96.39.102,207.223.8.109,207.223.8.110,76.96.39.101
guardian.co.uk,0,successful,77.91.249.30
yieldmanager.com,0,successful,208.67.66.24
statcounter.com,0,successful,67.215.253.138
megavideo.com,0,successful,174.140.154.47,174.140.154.31,174.140.154.32,174.140.154.43,174.140.154.45
skype.com,0,successful,204.9.163.162,78.141.177.7
orkut.com.br,0,successful,74.125.71.86,74.125.71.85,74.125.71.87
onet.pl,0,successful,213.180.146.27
espncricinfo.com,0,successful,80.168.92.140
blogfa.com,0,successful,38.74.1.42
clicksor.com,0,successful,199.21.148.21
rambler.ru,0,successful,81.19.70.3
slideshare.net,0,successful,174.36.28.11
mashable.com,0,successful,98.129.174.16
allegro.pl,0,successful,193.23.48.134
ucoz.ru,0,successful,217.199.217.100
mozilla.org,0,successful,63.245.209.11
liveinternet.ru,0,successful,88.212.196.87,88.212.196.88
google.com.my,0,successful,74.125.71.104,74.125.71.106,74.125.71.147,74.125.71.103,74.125.71.99,74.125.71.105
digg.com,0,successful,64.191.203.30
tribalfusion.com,0,successful,204.11.109.133
answers.com,0,successful,67.196.156.65
zol.com.cn,0,successful,118.67.120.105
csdn.net,0,successful,117.79.157.232
google.co.ve,0,successful,74.125.71.147,74.125.71.106,74.125.71.104,74.125.71.99,74.125.71.103,74.125.71.105
squidoo.com,0,successful,64.225.155.21
secureintl.com,0,successful,174.120.244.218
w3schools.com,0,successful,216.128.29.26
yelp.com,0,successful,199.255.189.160,199.255.189.60
bild.de,0,successful,213.61.13.70
ameba.jp,0,successful,59.106.4.193
files.wordpress.com,0,successful,72.233.69.6
usps.com,0,successful,56.0.134.100,56.0.66.100
xunlei.com,0,successful,58.251.57.165,58.251.57.166,58.251.57.167,58.251.57.164
mixi.jp,0,successful,110.44.179.197,110.44.179.199,110.44.179.196,110.44.179.198,110.44.179.200
xinhuanet.com,0,successful,202.108.119.194,202.108.119.193
twitpic.com,0,successful,50.23.200.239
free.fr,0,successful,212.27.48.10
outbrain.com,0,successful,69.9.45.36
people.com.cn,0,successful,58.68.146.208
google.be,0,successful,74.125.71.105,74.125.71.99,74.125.71.147,74.125.71.104,74.125.71.103,74.125.71.106
archive.org,0,successful,207.241.224.2
hootsuite.com,0,successful,184.73.216.15,174.129.228.246
rapidshare.com,0,successful,195.122.131.11,195.122.131.12,195.122.131.13,195.122.131.14,195.122.131.15,195.122.131.16,195.122.131.2,195.122.131.3,195.122.131.4,195.122.131.5,195.122.131.6,195.122.131.7,195.122.131.8,195.122.131.9,195.122.131.10
360.cn,0,successful,220.181.24.100
hulu.com,0,successful,62.41.10.74,62.41.10.51
google.gr,0,successful,74.125.71.104,74.125.71.106,74.125.71.103,74.125.71.147,74.125.71.99,74.125.71.105
newegg.com,0,successful,204.14.213.187,216.52.208.187
orange.fr,0,successful,193.252.148.60,81.52.142.217
56.com,0,successful,61.142.208.67
terra.com.br,0,successful,200.154.56.80
youjizz.com,0,successful,216.18.239.117,216.18.228.58,216.18.228.155,216.18.239.142,216.18.227.35
hp.com,0,successful,15.193.112.23,15.201.49.21,15.216.110.22,15.216.110.139,15.216.110.140,15.192.45.21,15.192.45.22,15.192.45.138,15.192.45.139,15.216.110.21,15.240.238.51,15.240.238.55,15.193.112.21
maktoob.com,0,successful,87.248.120.148,77.238.178.122
repubblica.it,0,successful,213.92.16.101
dell.com,0,successful,143.166.83.38,143.166.224.244
hatena.ne.jp,0,successful,59.106.194.19
soku.com,0,successful,211.151.146.16
google.com.co,0,successful,74.125.71.104,74.125.71.99,74.125.71.106,74.125.71.147,74.125.71.105,74.125.71.103
wsj.com,0,successful,205.203.140.65,205.203.132.1,205.203.140.1
groupon.com,0,successful,72.46.232.213
reuters.com,0,successful,206.132.6.134
telegraph.co.uk,0,successful,62.41.10.27,62.41.10.35
paipai.com,0,successful,112.90.140.151,58.251.60.174,58.251.150.244
leboncoin.fr,0,successful,193.164.196.11
salesforce.com,0,successful,204.14.234.33
hostgator.com,0,successful,74.54.219.185,74.53.87.200,74.53.87.195,67.18.54.28,67.19.71.21
php.net,0,successful,69.147.83.197
adultfriendfinder.com,0,successful,208.88.180.72
domaintools.com,0,successful,66.249.17.251
typepad.com,0,successful,204.9.178.11
daum.net,0,successful,114.108.157.19,110.45.215.23,114.108.157.50,61.111.62.173
google.com.vn,0,successful,74.125.71.147,74.125.71.106,74.125.71.104,74.125.71.99,74.125.71.103,74.125.71.105
soufun.com,0,successful,202.108.253.37
fiverr.com,0,successful,174.143.143.220
dropbox.com,0,successful,199.47.217.179,199.47.216.179
samsung.com,0,successful,211.45.27.198
themeforest.net,0,successful,184.106.5.33
google.com.ua,0,successful,74.125.71.105,74.125.71.99,74.125.71.104,74.125.71.147,74.125.71.106,74.125.71.103
constantcontact.com,0,successful,208.75.122.14
web.de,0,successful,213.165.64.75
kaskus.us,0,successful,112.78.131.2,112.78.131.5
hudong.com,0,successful,203.81.18.88
youdao.com,0,successful,61.135.218.30,61.135.218.26,61.135.218.27,61.135.218.29
clickbank.com,0,successful,74.63.153.33,74.63.153.32
google.com.tw,0,successful,74.125.71.105,74.125.71.106,74.125.71.99,74.125.71.147,74.125.71.103,74.125.71.104
google.at,0,successful,74.125.71.147,74.125.71.103,74.125.71.99,74.125.71.105,74.125.71.106,74.125.71.104
gmx.net,0,successful,213.165.65.50
google.se,0,successful,74.125.71.105,74.125.71.106,74.125.71.99,74.125.71.147,74.125.71.103,74.125.71.104
booking.com,0,successful,91.206.232.220
cj.com,0,successful,216.34.207.135
cam4.com,0,successful,85.17.120.34,85.17.124.249,85.17.127.97,85.17.127.98,85.17.127.99,85.17.127.101,85.17.127.108,85.17.23.194,85.17.23.195
wordreference.com,0,successful,208.43.111.196
kohls.com,0,successful,66.232.228.21
android.com,0,successful,74.125.71.105,74.125.71.99,74.125.71.104,74.125.71.147,74.125.71.106,74.125.71.103
google.ro,0,successful,74.125.71.104,74.125.71.106,74.125.71.103,74.125.71.147,74.125.71.99,74.125.71.105
linkwithin.com,0,successful,174.36.244.132
nfl.com,0,successful,125.56.218.32,125.56.218.24
narod.ru,0,successful,213.180.204.46
kaixin001.com,0,successful,27.131.222.21
51.la,0,successful,203.171.235.164
isohunt.com,0,successful,208.95.172.130
washingtonpost.com,0,successful,12.129.147.65
hardsextube.com,0,successful,84.2.34.1
wp.pl,0,successful,212.77.100.101
google.com.ph,0,successful,74.125.71.105,74.125.71.99,74.125.71.104,74.125.71.147,74.125.71.106,74.125.71.103
toysrus.com,0,successful,63.240.110.201
rutracker.org,0,successful,195.82.146.114
libero.it,0,successful,195.210.91.83
softonic.com,0,successful,46.28.209.20
iqiyi.com,0,successful,202.108.14.55,202.108.14.56,220.181.73.5,220.181.73.6,220.181.115.55,220.181.115.56,202.108.14.15,202.108.14.16
fedex.com,0,successful,199.81.202.50,199.81.216.155,199.81.216.50,199.81.217.50,199.81.205.50,199.81.199.50,199.81.217.155,199.81.218.155,199.81.198.50,199.81.204.50,199.81.218.50,199.81.203.50
tagged.com,0,successful,67.221.174.30
ign.com,0,successful,69.10.25.46
google.ch,0,successful,74.125.71.99,74.125.71.106,74.125.71.103,74.125.71.147,74.125.71.105,74.125.71.104
ikea.com,0,successful,192.71.68.7
kat.ph,0,successful,68.71.37.146,209.44.103.29
scribd.com,0,successful,173.193.138.224,173.193.138.228
xe.com,0,successful,216.220.38.23,216.220.38.24,216.220.38.20
instagr.am,0,successful,107.20.205.78
tripadvisor.com,0,successful,69.25.35.31
xing.com,0,successful,109.233.153.1
china.com,0,successful,124.238.253.103,124.238.253.102
homeway.com.cn,0,successful,60.28.251.76
macys.com,0,successful,63.73.131.68
corriere.it,0,successful,194.20.158.101,194.20.158.241
2ch.net,0,successful,206.223.154.230
ku6.com,0,successful,211.151.188.186
google.com.pe,0,successful,74.125.71.105,74.125.71.99,74.125.71.147,74.125.71.104,74.125.71.103,74.125.71.106
9gag.com,0,successful,50.18.253.130
kakaku.com,0,successful,210.129.151.129
10086.cn,0,successful,218.206.191.70,218.206.191.72
hubpages.com,0,successful,66.211.109.13
techcrunch.com,0,successful,76.74.254.121,74.200.247.59,76.74.254.120,72.233.104.125,72.233.104.123,74.200.247.61
sears.com,0,successful,74.122.182.100
google.cl,0,successful,74.125.71.99,74.125.71.106,74.125.71.103,74.125.71.147,74.125.71.105,74.125.71.104
joomla.org,0,successful,206.123.111.172
pof.com,0,successful,64.34.110.174
thefreedictionary.com,0,successful,209.160.58.87
americanexpress.com,0,successful,12.29.100.148
forbes.com,0,successful,63.240.4.179
marca.com,0,successful,193.110.128.199
amazon.fr,0,successful,87.238.86.122,87.238.87.37,87.238.83.167
angege.com,0,successful,199.21.148.42
ebay.it,0,successful,66.135.215.61,66.135.200.23
126.com,0,successful,123.125.50.22,220.181.12.218
amazon.cn,0,successful,203.81.17.195
google.co.kr,0,successful,74.125.71.105,74.125.71.106,74.125.71.99,74.125.71.147,74.125.71.103,74.125.71.104
seesaa.net,0,successful,59.106.98.139,59.106.28.139
att.com,0,successful,144.160.155.43,144.160.36.42
digitalpoint.com,0,successful,216.9.35.56
istockphoto.com,0,successful,74.113.152.32
nifty.com,0,successful,202.219.63.73,202.248.88.214
aizhan.com,0,successful,122.228.200.38
google.com.sg,0,successful,74.125.71.147,74.125.71.106,74.125.71.99,74.125.71.105,74.125.71.104,74.125.71.103
in.com,0,successful,123.108.40.13
ezinearticles.com,0,successful,216.235.79.13
google.pt,0,successful,74.125.71.105,74.125.71.99,74.125.71.104,74.125.71.147,74.125.71.106,74.125.71.103
hotfile.com,0,successful,199.7.177.228,199.7.177.230,199.7.177.232,199.7.177.234,199.7.177.236,199.7.177.238,199.7.177.240,199.7.177.242,199.7.177.244,199.7.177.216,199.7.177.218,199.7.177.220,199.7.177.222,199.7.177.224,199.7.177.226
vancl.com,0,successful,119.253.51.7
google.com.ng,0,successful,74.125.71.106,74.125.71.99,74.125.71.105,74.125.71.103,74.125.71.104,74.125.71.147
allrecipes.com,0,successful,64.94.140.201
ig.com.br,0,successful,187.31.64.25
uimserv.net,4,type not found
slickdeals.net,0,successful,199.204.20.98
leo.org,0,successful,80.190.158.9
yesky.com,0,successful,219.239.88.110
dianping.com,0,successful,180.153.132.38
drtuber.com,0,successful,78.140.143.48,78.140.172.78,88.85.73.185
mop.com,0,successful,123.125.41.248
mercadolivre.com.br,0,successful,216.33.196.59,216.33.197.59
depositfiles.com,0,successful,78.140.135.6
seznam.cz,0,successful,77.75.72.3
t-online.de,0,successful,62.153.159.92,217.6.164.162
over-blog.com,0,successful,195.20.13.121
latimes.com,0,successful,144.142.224.43
alimama.com,0,successful,119.42.232.242
pandora.com,0,successful,208.85.40.80,208.85.40.20,208.85.40.50
elpais.com,0,successful,194.169.201.203
opendns.com,0,successful,208.69.38.150
kooora.com,0,successful,216.93.181.137
weebly.com,0,successful,199.34.228.102
ning.com,0,successful,208.82.16.81
soundcloud.com,0,successful,178.249.137.94
w3.org,0,successful,128.30.52.45
nih.gov,0,successful,137.187.25.43
freelancer.com,0,successful,174.129.12.136
barnesandnoble.com,0,successful,161.221.89.118,65.204.48.118
facemoods.com,0,successful,173.244.215.242
wretch.cc,0,successful,87.248.120.148,98.139.102.145,203.84.219.114,68.180.206.184,77.238.178.122
usatoday.com,0,successful,159.54.238.69
sweetim.com,0,successful,212.25.65.1
vnexpress.net,0,successful,180.148.142.99,180.148.141.1
huanqiu.com,0,successful,121.14.194.27,121.14.194.28,121.14.194.29,121.14.194.30,121.14.194.31,121.14.194.32,121.14.194.33,121.14.194.34,121.14.194.35,121.14.194.26
netlog.com,0,successful,194.60.206.60
goal.com,0,successful,87.83.27.65
ebay.com.au,0,successful,66.135.215.61,66.135.200.23
verizonwireless.com,0,successful,162.115.16.90,162.115.208.90,137.188.80.90
jcpenney.com,0,successful,146.235.129.32,146.235.66.32
engadget.com,0,successful,205.188.100.58,205.188.101.58,207.200.74.38,64.12.79.57,64.12.89.186
bloomberg.com,0,successful,69.191.242.22,204.179.240.180
shutterstock.com,0,successful,66.199.177.8
videobb.com,0,successful,173.199.123.197
retailmenot.com,0,successful,50.18.123.126,50.18.127.31,50.18.159.8,50.18.159.12
match.com,0,successful,208.83.241.15
google.ie,0,successful,74.125.71.147,74.125.71.103,74.125.71.99,74.125.71.105,74.125.71.106,74.125.71.104
ero-advertising.com,0,successful,85.17.80.120
commentcamarche.net,0,successful,91.209.35.126
elmundo.es,0,successful,193.110.128.199
drudgereport.com,0,successful,209.234.251.93,98.158.27.203
indeed.com,0,successful,174.37.146.7,208.43.96.35
trekaklik.com,0,successful,208.101.2.59
gap.com,0,successful,70.42.14.161
mailchimp.com,0,successful,50.22.201.236
yfrog.com,0,successful,208.94.0.38,208.94.0.61,208.94.0.21
spankwire.com,0,successful,95.211.112.220
bluehost.com,0,successful,74.220.195.50
google.ae,0,successful,74.125.71.99,74.125.71.106,74.125.71.103,74.125.71.104,74.125.71.147,74.125.71.105
biglobe.ne.jp,0,successful,49.129.31.76
sakura.ne.jp,0,successful,210.224.168.100
abcnews.go.com,0,successful,68.71.212.40
vk.com,0,successful,93.186.224.246,87.240.131.101,87.240.131.102,87.240.131.103,87.240.131.104,87.240.143.245,87.240.143.246,87.240.143.247,87.240.143.248,87.240.188.248,87.240.188.253,93.186.224.245
mynet.com,0,successful,212.101.97.8,212.101.97.35,212.101.97.7,212.101.97.6
ebay.fr,0,successful,66.135.200.23,66.135.215.61
autohome.com.cn,0,successful,221.192.136.245
delicious.com,0,successful,184.72.56.140
hurriyet.com.tr,0,successful,213.243.16.199
google.co.hu,0,successful,74.125.71.104,74.125.71.106,74.125.71.103,74.125.71.147,74.125.71.99,74.125.71.105
dangdang.com,0,successful,119.255.240.88
gazeta.pl,0,successful,80.252.0.145
admin5.com,0,successful,125.90.88.30
rr.com,0,successful,24.28.199.168
metacafe.com,0,successful,72.32.120.222
overstock.com,0,successful,67.110.108.250
histats.com,0,successful,174.36.232.136
chip.de,0,successful,204.74.99.100
mpnrs.com,0,successful,62.216.176.6
letv.com,0,successful,60.28.199.194
zimbio.com,0,successful,67.192.149.194
webs.com,0,successful,216.52.115.15
btjunkie.org,0,successful,93.158.65.207,93.158.65.211
multiupload.com,0,successful,95.211.149.6,95.211.149.7,95.211.149.8,95.211.149.1,95.211.149.3,95.211.149.4,95.211.149.5
livedoor.biz,4,type not found
tmz.com,0,successful,184.73.227.215,204.236.235.200,184.73.227.202,184.73.227.209
google.dk,0,successful,74.125.71.147,74.125.71.106,74.125.71.99,74.125.71.105,74.125.71.104,74.125.71.103
milliyet.com.tr,0,successful,83.66.140.16
businessinsider.com,0,successful,64.27.101.155
surveymonkey.com,0,successful,75.98.93.51
51job.com,0,successful,61.129.48.158
twimg.com,0,successful,210.163.219.24
multiply.com,0,successful,38.126.198.16,38.126.198.15
pptv.com,0,successful,119.147.174.102,119.147.174.103,123.126.34.102,123.126.34.103,180.153.106.101,180.153.106.102
softpedia.com,0,successful,64.225.158.192,64.225.158.189,64.225.158.191
ibm.com,0,successful,129.42.38.1
lenta.ru,0,successful,81.19.85.116
cntv.cn,0,successful,202.108.8.82
cnblogs.com,0,successful,61.155.169.116
am10.ru,0,successful,188.138.90.193,46.182.28.102,188.138.90.154,188.138.113.162,46.182.28.99,46.182.28.98,188.138.92.242,188.93.18.84,188.138.95.145,188.93.18.82,46.182.28.101,85.25.137.18
imagevenue.com,0,successful,67.205.102.72,209.172.34.139,67.205.102.82,209.172.34.87,67.205.102.89
eastmoney.com,0,successful,222.73.55.186
fotolia.com,0,successful,193.164.220.225,193.164.220.226
youm7.com,0,successful,67.215.244.61
livingsocial.com,0,successful,98.129.21.125
google.no,0,successful,74.125.71.105,74.125.71.103,74.125.71.99,74.125.71.147,74.125.71.104,74.125.71.106
people.com,0,successful,205.216.30.207,216.35.74.102,64.70.28.82
swagbucks.com,0,successful,68.71.250.25
rbc.ru,0,successful,194.186.36.155,194.186.36.166,194.186.36.167,194.186.36.212,82.204.218.126,194.186.36.154
informer.com,0,successful,67.228.47.226
peyvandha.ir,0,successful,79.175.166.250
gsmarena.com,0,successful,184.154.61.10
google.cz,0,successful,74.125.71.106,74.125.71.105,74.125.71.104,74.125.71.147,74.125.71.99,74.125.71.103
foxsports.com,0,successful,204.154.142.42
google.co.il,0,successful,74.125.71.147,74.125.71.106,74.125.71.99,74.125.71.105,74.125.71.104,74.125.71.103
drupal.org,0,successful,140.211.166.6,140.211.166.21,140.211.10.16
pchome.net,0,successful,222.73.174.146
viadeo.com,0,successful,216.74.40.32
cbssports.com,0,successful,64.30.236.35,64.30.236.34
costco.com,0,successful,170.167.8.1
jquery.com,0,successful,70.32.73.125
seomoz.org,0,successful,216.176.191.233
mihanblog.com,0,successful,67.223.99.245
love21cn.com,0,successful,59.151.18.18
expedia.com,0,successful,216.251.120.22
capitalone.com,0,successful,208.80.48.112
39.net,0,successful,219.238.238.35
iloveyouxi.com,4,type not found
adcash.com,0,successful,67.227.236.73
blog.163.com,0,successful,61.135.253.204,61.135.253.203
choopa.net,0,successful,64.237.38.178
xcar.com.cn,0,successful,118.67.112.72
extratorrent.com,0,successful,195.144.21.227
bitly.com,0,successful,69.58.188.33,69.58.188.34
tabelog.com,0,successful,203.183.102.137
github.com,0,successful,207.97.227.239
hdfcbank.com,0,successful,202.154.164.97
woot.com,0,successful,75.101.139.29,75.101.146.4
4399.com,0,successful,121.10.141.90
etao.com,0,successful,110.75.16.40,110.75.28.136
gamespot.com,0,successful,216.239.113.172
nextag.com,0,successful,216.185.214.128
dmm.co.jp,0,successful,203.209.152.55
media.tumblr.com,0,successful,140.174.25.32,140.174.24.234
mgid.com,0,successful,204.152.207.98
oracle.com,0,successful,137.254.16.101
alphaporno.com,0,successful,78.140.144.181
demonoid.me,0,successful,62.149.24.81,62.149.24.67
zappos.com,0,successful,66.209.92.150
time.com,0,successful,216.35.74.104
irctc.co.in,0,successful,202.93.154.28
zanox.com,0,successful,217.110.110.251
hc360.com,0,successful,101.251.112.18
keezmovies.com,0,successful,94.199.251.115,94.199.251.131
google.fi,0,successful,74.125.71.106,74.125.71.103,74.125.71.104,74.125.71.147,74.125.71.99,74.125.71.105
speedtest.net,0,successful,74.209.160.12
pogo.com,0,successful,159.153.236.12
ringtonepartner.com,0,successful,173.192.198.224
ovh.net,0,successful,213.186.33.6
foodnetwork.com,0,successful,204.78.50.46
qunar.com,0,successful,59.151.61.62,59.151.61.61
sitesell.com,0,successful,66.43.48.39
115.com,0,successful,183.60.139.201,183.60.139.200
xtendmedia.com,0,successful,98.139.134.174
buzzfeed.com,0,successful,209.131.123.221,209.131.123.222
naukri.com,0,successful,198.104.139.172,198.64.153.138,198.104.139.164
homedepot.com,0,successful,207.11.41.2
lemonde.fr,0,successful,195.154.120.129
basecamphq.com,0,successful,204.62.114.37
verycd.com,0,successful,222.73.207.152
cbsnews.com,0,successful,170.20.0.19,170.20.0.18
yandex.ua,0,successful,87.250.251.11,93.158.134.11,213.180.204.11,77.88.21.11
battle.net,0,successful,12.129.242.30
odesk.com,0,successful,64.41.140.199
aliexpress.com,0,successful,205.204.116.2
livescore.com,0,successful,98.129.133.154
itau.com.br,0,successful,200.196.152.40
17kuxun.com,4,type not found
y8.com,0,successful,69.55.52.43,69.55.52.215
tradedoubler.com,0,successful,217.212.240.170
shopathome.com,0,successful,74.63.145.186
dianxin.cn,0,successful,123.235.43.215
megacloud.com,0,successful,209.222.23.202
mercadolibre.com.mx,0,successful,216.33.196.84,216.33.197.84
wupload.com,0,successful,78.140.190.177,78.140.190.180,78.140.191.155,78.140.181.198
letitbit.net,0,successful,78.108.178.140,78.140.183.5,78.140.183.6,78.140.183.7,78.108.178.137,78.108.178.138
baixing.com,0,successful,211.151.145.10
hoopchina.com,0,successful,122.226.206.236
virgilio.it,0,successful,212.48.7.21,212.48.10.150
thesun.co.uk,0,successful,143.252.148.217
2345.com,0,successful,211.151.66.100
meituan.com,0,successful,211.151.229.80
yomiuri.co.jp,4,type not found
pch.com,0,successful,164.109.104.211
agoda.com,0,successful,203.160.137.21
discuz.net,0,successful,124.238.252.248
linksynergy.com,4,type not found
abril.com.br,0,successful,189.91.161.228
exblog.jp,0,successful,180.235.96.29
bearshare.com,0,successful,207.232.22.55
detik.com,0,successful,203.190.242.69,203.190.241.43
iteye.com,0,successful,117.79.91.18
ustream.tv,0,successful,199.66.238.51,199.66.238.50
ilivid.com,0,successful,207.232.22.55
exoclick.com,0,successful,64.111.199.221
bitauto.com,0,successful,59.151.102.173
movie2k.to,0,successful,93.114.44.252,93.114.44.164,93.114.44.211
posterous.com,0,successful,184.106.20.99
mercadolibre.com.ar,0,successful,216.33.197.78,216.33.196.78
blackberry.com,0,successful,208.65.75.22
blackhatworld.com,0,successful,108.60.212.150
marketwatch.com,0,successful,205.203.131.32,205.203.139.53
coupons.com,0,successful,64.75.15.147
miniclip.com,0,successful,77.73.32.100
adjuggler.net,4,type not found
imesh.com,0,successful,207.232.22.55
shareasale.com,0,successful,209.207.213.228
businessweek.com,0,successful,69.191.252.14,69.191.215.14
partypoker.com,0,successful,195.81.248.141
myegy.com,0,successful,95.211.21.142,91.228.39.11
comcast.com,0,successful,69.241.45.4,69.241.45.20
51.com,0,successful,114.80.89.15
imagebam.com,0,successful,208.100.30.161
custhelp.com,0,successful,216.136.229.72
nu.nl,0,successful,62.69.179.198
tigerdirect.com,0,successful,206.191.131.49
news.com.au,0,successful,165.69.10.27
tnaflix.com,0,successful,77.247.179.176
persianblog.ir,0,successful,174.120.93.130
seriesyonkis.com,0,successful,91.192.111.136
shoplocal.com,0,successful,207.97.228.168
slutload.com,0,successful,108.61.37.254
bigpoint.com,0,successful,62.146.191.242
traforet.ru,0,successful,193.105.200.14
webmd.com,0,successful,207.231.204.56
admagnet.net,0,successful,180.179.78.6
geocities.jp,4,type not found
chinanews.com,0,successful,58.68.149.52
tinypic.com,0,successful,209.17.70.143
sape.ru,0,successful,188.72.80.11
verizon.com,0,successful,192.76.85.245
feedburner.com,0,successful,74.125.71.101,74.125.71.100,74.125.71.138,74.125.71.139,74.125.71.102,74.125.71.113
staples.com,0,successful,170.37.25.140
enet.com.cn,0,successful,123.196.118.10
flipkart.com,0,successful,180.179.68.41
oneindia.in,0,successful,202.162.234.246,174.142.147.137
cocolog-nifty.com,4,type not found
altervista.org,0,successful,216.127.94.127
duowan.com,0,successful,120.132.133.62
incredimail.com,0,successful,82.80.204.42
sponichi.co.jp,4,type not found
issuu.com,0,successful,174.129.235.52
gc.ca,4,type not found
zhaopin.com,0,successful,211.99.188.197
nokia.com,0,successful,147.243.3.83
fatakat.com,0,successful,173.192.128.45
wunderground.com,0,successful,38.102.136.104
icicibank.com,0,successful,203.27.235.25
snapdeal.com,0,successful,122.248.250.132
asahi.com,4,type not found
sahibinden.com,0,successful,88.255.190.254
lowes.com,0,successful,206.112.186.66
docin.com,0,successful,116.213.76.136
ya.ru,0,successful,77.88.21.3,87.250.250.3,87.250.250.203,87.250.251.3,93.158.134.3,93.158.134.203,213.180.193.3,213.180.204.3
wired.com,0,successful,62.41.10.25,62.41.10.32
gotomeeting.com,0,successful,216.115.208.197
amung.us,0,successful,67.202.94.86,67.202.94.93,67.202.94.94
123rf.com,0,successful,203.175.165.8
jimdo.com,0,successful,78.46.52.138
meetup.com,0,successful,38.123.132.30
zynga.com,0,successful,74.114.12.44
moneycontrol.com,0,successful,124.153.64.100
nikkeibp.co.jp,0,successful,202.214.174.229
sinaimg.cn,4,type not found
skyrock.com,0,successful,193.93.125.193,193.93.125.194,193.93.125.195,91.203.184.192,91.203.184.193,91.203.184.194,91.203.184.195,193.93.125.192
weather.com.cn,0,successful,61.4.185.35
ebay.in,0,successful,66.135.215.61,66.135.200.23
lashou.com,0,successful,211.151.144.188
nba.com,0,successful,157.166.255.11,157.166.255.10
iminent.com,0,successful,95.130.75.74
grooveshark.com,0,successful,8.19.240.53
vente-privee.com,0,successful,195.200.101.3
varzesh3.com,0,successful,81.12.13.133
wix.com,0,successful,66.113.232.119
victoriassecret.com,0,successful,62.41.10.10,62.41.10.56
so-net.ne.jp,0,successful,202.238.95.65
focus.cn,0,successful,61.135.134.226
whitepages.com,0,successful,64.124.61.10
who.is,0,successful,174.36.202.233
acesse.com,0,successful,207.67.14.5
timeanddate.com,0,successful,202.74.62.140
lzjl.com,0,successful,199.21.148.42
buy.com,0,successful,209.67.181.11
ocn.ne.jp,4,type not found
www.net.cn,0,successful,218.30.103.21
ct10000.com,0,successful,211.100.35.132
cnbc.com,0,successful,207.46.150.45,65.55.53.237
lequipe.fr,0,successful,160.92.108.178
nhl.com,0,successful,8.20.73.150
smashingmagazine.com,0,successful,80.72.139.101
kijiji.ca,0,successful,195.78.85.201
videorewardspot.com,0,successful,85.17.162.41,85.17.162.24
pcworld.com,0,successful,70.42.185.10
inetglobal.com,0,successful,207.67.21.11,207.67.21.12
disney.go.com,0,successful,68.71.208.75
dantri.com.vn,0,successful,123.30.53.19
justin.tv,0,successful,199.9.249.21,199.9.249.26,199.9.249.7,199.9.249.22,199.9.249.16,199.9.249.19,199.9.249.18,199.9.249.25
camzap.com,0,successful,94.75.218.7
tutsplus.com,0,successful,96.126.124.242
pcauto.com.cn,0,successful,219.136.245.40
wo.com.cn,4,type not found
google.sk,0,successful,74.125.71.104,74.125.71.106,74.125.71.103,74.125.71.147,74.125.71.99,74.125.71.105
qidian.com,0,successful,202.102.58.214
zillow.com,0,successful,12.129.17.108
nate.com,0,successful,203.226.253.11
pcgames.com.cn,0,successful,219.136.245.40
gutefrage.net,0,successful,62.146.7.79
excite.co.jp,0,successful,180.235.96.67
qvc.com,0,successful,167.140.19.231
cnbeta.com,0,successful,222.73.247.69
templatemonster.com,0,successful,69.65.22.203
orkut.co.in,0,successful,74.125.71.87,74.125.71.86,74.125.71.85
lockerz.com,0,successful,107.20.22.69,50.19.7.102,50.16.145.122,50.19.164.225
it168.com,0,successful,61.55.167.46
immobilienscout24.de,0,successful,195.178.101.225
xtube.com,0,successful,94.199.255.148
urbandictionary.com,0,successful,75.101.145.87,174.129.212.2,75.101.163.44
force.com,0,successful,204.74.99.100
bet365.com,0,successful,81.94.208.104
akamaihd.net,4,type not found
getresponse.com,0,successful,207.8.198.8
blog.com,0,successful,195.170.168.1
xbox.com,0,successful,65.55.42.140
porn.com,0,successful,64.210.140.16
google.co.ma,0,successful,74.125.71.105,74.125.71.103,74.125.71.99,74.125.71.147,74.125.71.104,74.125.71.106
ndtv.com,0,successful,124.153.92.187
xvideoslive.com,0,successful,207.246.153.230,207.246.153.231
mobile.de,0,successful,194.50.69.154,91.211.75.154
eluniversal.com.mx,0,successful,148.243.168.33
way2sms.com,0,successful,174.142.214.26,184.107.41.74,184.107.41.90,184.107.44.33,174.142.54.217,174.142.141.9
last.fm,0,successful,195.24.232.203
4tube.com,0,successful,216.155.141.93
warez-bb.org,0,successful,212.95.43.199
ibibo.com,0,successful,124.153.70.39
tom.com,0,successful,202.108.12.62
putlocker.com,0,successful,89.238.130.247
lefigaro.fr,0,successful,212.95.67.222
pixmania.com,0,successful,77.75.51.21
filehippo.com,0,successful,74.54.247.132
cmbchina.com,0,successful,61.144.209.195
adscale.de,0,successful,195.71.93.131
elance.com,0,successful,216.148.239.30
lifehacker.com,0,successful,208.93.137.60
mysql.com,0,successful,156.151.63.6
babycenter.com,0,successful,208.17.90.54
gnavi.co.jp,0,successful,220.152.123.1
vmn.net,0,successful,69.50.138.195
bleacherreport.com,0,successful,184.73.240.218
biglion.ru,0,successful,178.248.234.2
uploading.com,0,successful,195.191.207.40
wiktionary.org,0,successful,208.80.152.202
kmart.com,0,successful,74.122.182.106
oron.com,0,successful,82.192.86.129,82.192.86.131,82.192.86.130
cracked.com,0,successful,98.124.248.77
nordstrom.com,0,successful,65.203.228.110
hypergames.net,0,successful,216.200.199.56
nhk.or.jp,4,type not found
monster.com,0,successful,208.71.195.72,63.121.30.72,208.71.192.72
quikr.com,0,successful,123.108.47.161
filejungle.com,0,successful,108.61.27.179,64.237.42.115,108.61.5.3,108.61.24.179,108.61.24.180,108.61.27.171,108.61.27.172
mapquest.com,0,successful,64.12.79.57,64.12.89.186,205.188.100.58,205.188.101.58,207.200.74.38
heise.de,0,successful,193.99.144.80
sapo.pt,0,successful,213.13.146.140
beemp3.com,0,successful,213.174.140.113
inbox.com,0,successful,64.135.77.80
dreamstime.com,0,successful,74.55.198.191
gizmodo.com,0,successful,208.93.137.60
beeg.com,0,successful,213.174.140.175
bhphotovideo.com,0,successful,198.77.206.100
npr.org,0,successful,216.35.221.76
qip.ru,0,successful,195.239.111.97,195.239.111.119,195.239.111.75
jugem.jp,0,successful,210.172.182.89,210.172.182.98
pgmediaserve.com,4,type not found
nikkei.com,0,successful,138.101.216.13
hubspot.com,0,successful,72.32.171.130
quickmeme.com,0,successful,50.57.204.67
backpage.com,0,successful,209.104.5.139
as.com,0,successful,194.169.201.186
interia.pl,0,successful,217.74.65.23
uploaded.to,0,successful,95.211.143.200
icbc.com.cn,4,type not found
dealextreme.com,0,successful,173.192.174.195,50.22.38.5
list-manage.com,0,successful,204.232.159.101
yellowpages.com,0,successful,12.175.178.94
videozer.com,0,successful,173.199.127.184
myfreecams.com,0,successful,207.229.75.17
theplanet.com,0,successful,70.87.6.117
sulekha.com,0,successful,198.104.130.1
macrumors.com,0,successful,173.192.108.135
southwest.com,0,successful,208.94.152.100,208.94.153.100
usbank.com,0,successful,170.135.216.181
appspot.com,0,successful,74.125.71.141
fotostrana.ru,0,successful,91.210.7.5
kinopoisk.ru,0,successful,89.188.98.134
careerbuilder.com,0,successful,208.88.80.50,208.88.82.50,208.82.7.50
java.com,0,successful,137.254.16.66
tripod.com,0,successful,209.202.252.55
japanpost.jp,0,successful,203.133.238.164
webmoney.ru,0,successful,77.246.100.42,217.23.144.177,89.108.126.29,94.75.214.18,88.198.43.118
ynet.com,0,successful,210.51.180.138
ziddu.com,0,successful,84.45.63.21
softlayer.com,0,successful,66.228.118.53
gamefaqs.com,0,successful,216.239.113.186
xda-developers.com,0,successful,50.23.216.68
zazzle.com,0,successful,70.42.16.130
accuweather.com,0,successful,207.242.93.24
zing.vn,0,successful,120.138.69.70
dmoz.org,0,successful,64.12.89.186,205.188.100.58,205.188.101.58,207.200.74.38,64.12.79.57
bizrate.com,0,successful,67.201.52.201,67.201.52.101
infusionsoft.com,0,successful,199.204.136.80
europa.eu,0,successful,147.67.119.102,147.67.136.102,147.67.119.2
arpg2.com,4,type not found
seoquake.com,0,successful,46.229.160.154
ft.com,0,successful,62.25.101.80
tubegalore.com,0,successful,68.169.95.72
haberturk.com,0,successful,92.45.106.101,92.45.106.102
examiner.com,0,successful,67.220.220.55
made-in-china.com,0,successful,72.32.82.237
rakuten.ne.jp,4,type not found
impress.co.jp,0,successful,202.218.13.148
pornerbros.com,0,successful,38.80.66.239
asos.com,0,successful,193.169.225.11
kompas.com,0,successful,202.61.113.35
pagesjaunes.fr,0,successful,193.252.242.125,193.252.242.25
paper.li,0,successful,174.129.202.202
avito.ru,0,successful,80.76.156.73
m-w.com,0,successful,209.161.37.21,209.161.37.11,206.16.217.135,206.16.217.138
steampowered.com,0,successful,63.228.223.100
atwiki.jp,0,successful,183.177.145.55
citibank.com,0,successful,192.193.103.222,192.193.219.58
google.co.nz,0,successful,74.125.71.104,74.125.71.99,74.125.71.106,74.125.71.147,74.125.71.105,74.125.71.103
uploadstation.com,0,successful,108.61.7.235,108.61.7.236,108.61.4.67,108.61.4.68,108.61.7.195,108.61.7.196,108.61.7.213
allocine.fr,0,successful,62.39.143.23
neobux.com,0,successful,194.28.158.158
howstuffworks.com,0,successful,70.42.150.42
enterfactory.com,0,successful,98.129.229.32
zendesk.com,0,successful,184.106.40.75
onlinedown.net,0,successful,218.93.205.84
shutterfly.com,0,successful,74.121.36.198
logmein.com,0,successful,64.94.47.199,77.242.193.199,74.201.75.199
mtime.com,0,successful,59.151.32.20
td.com,0,successful,142.205.232.95,142.205.208.95
brothersoft.com,0,successful,174.133.21.162
manta.com,0,successful,216.12.148.77
adultadworld.com,0,successful,69.65.46.26
ccb.com,0,successful,114.255.11.234
wikihow.com,0,successful,173.203.142.18
dict.cc,0,successful,188.40.136.83
seobook.com,0,successful,204.232.248.60
mercadolibre.com.ve,0,successful,216.33.196.90,216.33.197.90
groupon.cn,0,successful,119.254.69.110
anonym.to,0,successful,213.203.216.114
okwave.jp,0,successful,210.132.71.10
thepostgame.com,0,successful,50.17.251.64
uuu9.com,0,successful,222.88.93.193,222.88.93.194,222.88.93.165,222.88.93.166
sfgate.com,0,successful,66.35.240.8
sidereel.com,0,successful,144.198.29.112
namecheap.com,0,successful,199.58.184.56
google.az,0,successful,74.125.71.105,74.125.71.103,74.125.71.99,74.125.71.147,74.125.71.104,74.125.71.106
klout.com,0,successful,65.50.203.210
blogimg.jp,4,type not found
msn.ca,0,successful,65.55.206.209
google.bg,0,successful,74.125.71.104,74.125.71.106,74.125.71.103,74.125.71.147,74.125.71.99,74.125.71.105
icontact.com,0,successful,69.166.132.247
xhamstercams.com,0,successful,207.246.153.231,207.246.153.230
infolinks.com,0,successful,64.38.31.203
microsoftonline.com,0,successful,65.55.171.171
bodybuilding.com,0,successful,206.207.84.93
okcupid.com,0,successful,66.59.66.6
nasa.gov,4,type not found
boston.com,0,successful,66.151.183.41
flippa.com,0,successful,107.21.101.125,174.129.212.88
hsbc.co.uk,0,successful,193.108.74.224
foursquare.com,0,successful,50.19.86.72
sanook.com,0,successful,203.107.165.221,203.107.164.221
indianrail.gov.in,0,successful,203.176.113.78
pclady.com.cn,0,successful,219.136.245.40
rottentomatoes.com,0,successful,209.237.233.38
sfr.fr,0,successful,80.125.163.172
telegraaf.nl,0,successful,217.196.47.84
mangareader.net,0,successful,62.75.183.27
aftonbladet.se,0,successful,144.63.250.10
fnac.com,0,successful,195.42.251.40
sony.com,0,successful,72.52.6.10
earthlink.net,0,successful,209.86.93.202,209.86.93.203,209.86.93.204,209.86.93.205,209.86.93.206,209.86.93.207,209.86.93.208,209.86.93.209,209.86.93.210,209.86.93.211,209.86.93.201
nextmedia.com,0,successful,202.85.162.97
empflix.com,0,successful,77.247.179.135
smh.com.au,0,successful,119.15.70.141
hiapk.com,0,successful,121.207.242.85,121.207.242.84
adult-empire.com,0,successful,208.88.226.10
intuit.com,0,successful,12.149.161.225
habrahabr.ru,0,successful,62.213.71.224
linternaute.com,0,successful,195.248.250.94
jxliu.com,0,successful,65.74.174.222,70.42.26.234
welt.de,0,successful,195.50.176.200
pcmag.com,0,successful,64.14.172.186
speedbit.com,0,successful,184.73.225.53
picnik.com,0,successful,70.32.137.48,70.32.137.53,70.32.137.49,70.32.137.52
google.com.kw,0,successful,74.125.71.104,74.125.71.99,74.125.71.106,74.125.71.147,74.125.71.105,74.125.71.103
nationalgeographic.com,0,successful,74.217.81.233
liveperson.net,0,successful,198.65.116.36
zhubajie.com,0,successful,219.153.9.11
gazzetta.it,0,successful,194.20.158.242,194.20.158.102
google.com.qa,0,successful,74.125.71.147,74.125.71.103,74.125.71.99,74.125.71.105,74.125.71.106,74.125.71.104
nydailynews.com,0,successful,208.64.111.142
ctrip.com,0,successful,210.13.114.3
porntube.com,0,successful,209.222.25.236
avast.com,0,successful,209.62.2.74,46.4.58.71,46.4.62.150,46.4.62.212,46.4.66.67,46.4.66.143,46.4.67.14,74.55.40.226,74.55.48.42,74.55.78.82,74.55.78.90,174.123.201.114
yiqifa.com,0,successful,221.122.113.161
tenpay.com,0,successful,58.251.61.206
goodreads.com,0,successful,216.74.34.10
qiyi.com,0,successful,202.108.14.15,202.108.14.16,202.108.14.55,202.108.14.56,220.181.73.5,220.181.73.6,220.181.115.55,220.181.115.56
nypost.com,0,successful,209.73.248.8
1und1.de,0,successful,212.227.17.105
pixiv.net,0,successful,210.168.27.82,210.168.27.107,113.33.39.195,125.100.191.29,210.168.27.16,210.168.27.50
dyndns.org,0,successful,204.13.248.116
allabout.co.jp,0,successful,210.168.89.44
vivanews.com,0,successful,202.129.216.26
metrolyrics.com,0,successful,75.126.76.32
alice.it,0,successful,217.169.121.227
taleo.net,0,successful,184.73.205.16
plusnetwork.com,0,successful,130.117.73.29
google.lk,0,successful,74.125.71.105,74.125.71.106,74.125.71.99,74.125.71.147,74.125.71.103,74.125.71.104
itmedia.co.jp,4,type not found
gamestop.com,0,successful,216.39.86.61
playstation.com,0,successful,117.104.134.11
1channel.ch,0,successful,66.252.2.102
idealo.de,0,successful,62.146.49.133
iconfinder.com,0,successful,216.70.70.97
clixsense.com,0,successful,216.139.226.46
amazon.it,0,successful,87.238.83.124,87.238.86.92,87.238.87.56
tuan800.com,0,successful,110.173.0.30
ucoz.com,0,successful,213.174.157.200
sky.com,0,successful,80.238.9.179
19lou.com,0,successful,115.236.99.80
orf.at,0,successful,194.232.104.141,194.232.104.142,194.232.104.139,194.232.104.140
dtiblog.com,0,successful,207.199.89.168
fatwallet.com,0,successful,69.160.146.201
searchengines.ru,0,successful,83.222.4.124
tistory.com,0,successful,110.45.229.152
nuvid.com,0,successful,88.208.58.142
ahram.org.eg,0,successful,196.219.246.16
sitemeter.com,0,successful,209.80.46.90
naver.jp,0,successful,119.235.235.15
ticketmaster.com,0,successful,209.104.45.32,209.104.41.32,209.104.58.32,209.104.47.32,209.104.56.26,209.104.34.32
discovery.com,0,successful,63.240.215.85
codecanyon.net,0,successful,184.106.5.33
priceline.com,0,successful,64.6.17.5
subscene.com,0,successful,69.13.136.136
xyxy.net,0,successful,70.39.103.220,70.39.107.169,70.39.103.219
trafficholder.com,0,successful,64.111.214.2
radikal.ru,0,successful,81.176.238.246
songs.pk,0,successful,89.185.229.188
skycn.com,0,successful,220.181.5.24,220.181.5.25,220.181.5.26,220.181.5.23
magentocommerce.com,0,successful,209.15.239.51
cheshi.com.cn,0,successful,118.67.112.149
filepost.com,0,successful,199.59.205.62
tabnak.ir,0,successful,87.107.68.98
jibjab.com,0,successful,67.199.138.239
foxtab.com,0,successful,75.101.188.204,184.73.14.76
networkedblogs.com,0,successful,67.228.87.82
hotels.com,0,successful,216.251.127.130
pixnet.net,0,successful,60.199.247.214
tuenti.com,0,successful,95.131.168.181
888.com,0,successful,213.52.252.81
intel.com,0,successful,192.198.164.158
walgreens.com,0,successful,63.73.199.22
markosweb.com,0,successful,208.76.50.76
ekolay.net,0,successful,83.66.133.35
argos.co.uk,0,successful,129.35.70.106
independent.co.uk,0,successful,77.246.167.161
aljazeera.net,0,successful,206.33.63.124,207.123.46.125,4.26.244.124,198.78.197.125,8.12.132.67
6.cn,0,successful,116.252.179.16
twoo.com,0,successful,202.74.62.130
nipic.com,0,successful,114.80.156.87
bahn.de,0,successful,81.200.198.6
break.com,0,successful,216.69.227.70
ca.gov,0,successful,134.186.200.20
tataindicom.com,0,successful,174.37.80.70
cnr.cn,0,successful,211.89.225.5
opensiteexplorer.org,0,successful,50.17.250.42,184.72.240.133
justbeenpaid.com,0,successful,84.38.232.202
goo.gl,0,successful,74.125.71.101,74.125.71.138,74.125.71.102,74.125.71.100,74.125.71.113,74.125.71.139
dhl.de,0,successful,165.72.192.111
sitepoint.com,0,successful,50.17.220.190
zeekrewards.com,0,successful,38.126.218.228
premierleague.com,0,successful,46.38.180.104
novinky.cz,0,successful,77.75.72.7
clickbank.net,0,successful,96.47.69.65,96.47.69.64
sxc.hu,0,successful,74.113.152.202
clarin.com,0,successful,200.42.136.212
justdial.com,0,successful,115.112.246.97
mail.com,0,successful,213.165.66.221
empowernetwork.com,0,successful,50.28.0.20
aruba.it,0,successful,62.149.188.154
masrawy.com,0,successful,41.178.51.93
asg.to,0,successful,211.13.210.72,211.13.210.55,211.13.210.68
mediaset.it,4,type not found
24h.com.vn,0,successful,123.30.129.150
jeuxvideo.com,0,successful,193.36.45.139
askmen.com,0,successful,69.10.25.72
lacaixa.es,0,successful,217.148.71.20
scriptmafia.org,0,successful,91.226.10.40
battlefield.com,0,successful,72.32.103.134
noticias24.com,0,successful,209.200.155.119
zoho.com,0,successful,74.201.112.85,74.201.113.175
ebay.ca,0,successful,66.135.200.23,66.135.215.61
idnes.cz,0,successful,194.79.52.193
seowhy.com,0,successful,124.248.34.134
marktplaats.nl,0,successful,91.211.73.6
gazeta.ru,0,successful,85.202.241.71
opera.com,0,successful,195.189.143.147
klikbca.com,4,type not found
streamate.com,0,successful,207.246.153.230,207.246.153.231
cbslocal.com,0,successful,74.200.244.59,76.74.254.123,72.233.2.58,76.74.254.120,72.233.69.6,74.200.243.251
laredoute.fr,0,successful,195.24.247.21
yocc.net,4,type not found
makeuseof.com,0,successful,184.106.121.218
infoseek.co.jp,0,successful,203.190.58.241
hi5.com,0,successful,66.218.168.8,66.218.168.134
lenovo.com,0,successful,64.26.251.145
sueddeutsche.de,0,successful,195.50.176.88
ebay.es,0,successful,66.135.215.61,66.135.200.23
adonweb.ru,0,successful,213.174.154.217
play.com,0,successful,213.167.82.124,213.167.82.125
icicibank.co.in,0,successful,203.27.235.60
uefa.com,0,successful,195.81.37.40
swtor.com,0,successful,159.153.92.41
google.com.ec,0,successful,74.125.71.105,74.125.71.106,74.125.71.147,74.125.71.104,74.125.71.99,74.125.71.103
hm.com,0,successful,194.103.63.75
17173.com,0,successful,61.135.181.175,61.135.181.176
elegantthemes.com,0,successful,208.79.232.91
orbitz.com,0,successful,198.151.60.100,198.151.61.100
ultimate-guitar.com,0,successful,178.18.22.151
samsclub.com,0,successful,161.169.207.15
apache.org,0,successful,140.211.11.131
nk.pl,0,successful,195.93.178.6,195.93.178.5
cafepress.com,0,successful,184.24.117.50
tesco.com,0,successful,212.140.185.177
shangdu.com,0,successful,222.141.220.220,222.141.220.222
cbs.com,0,successful,198.99.118.37,198.99.118.36
egotastic.com,0,successful,69.89.78.185
mangafox.com,0,successful,173.192.19.186,173.192.36.120,75.126.162.156
gamer.com.tw,0,successful,60.199.217.25
warriorplus.com,0,successful,208.43.27.3
sanspo.com,4,type not found
freeones.com,0,successful,64.188.53.101,64.188.53.102
box.com,0,successful,209.249.140.156,209.249.140.53
100tjs.com,4,type not found
mybrowserbar.com,4,type not found
hidemyass.com,0,successful,50.115.40.101
21cn.com,0,successful,58.211.81.104
ancestry.com,0,successful,66.43.22.121
mlb.com,0,successful,12.130.102.60
usmagazine.com,0,successful,67.221.180.48
